Feature,Gini_Score,Purity,Rank
CD3E,0.4995602462620933,0.5004397537379067,1
IL7R,0.6068601583113457,0.39313984168865435,2
NOSIP,0.6437994722955145,0.3562005277044855,3
AES,0.6534740545294635,0.3465259454705365,4
IFITM1,0.693051890941073,0.306948109058927,5
SOD1,0.6992084432717678,0.3007915567282322,6
SELL,0.7080035180299032,0.29199648197009676,7
TRAF3IP3,0.7458223394898857,0.25417766051011426,8
CD7,0.7510993843447669,0.24890061565523314,9
RARRES3,0.7660510114335972,0.23394898856640278,10
TMEM123,0.7669305189094107,0.23306948109058934,11
CD69,0.7748460861917326,0.22515391380826744,12
GIMAP4,0.7792436235708003,0.22075637642919965,13
LCK,0.7950747581354441,0.20492524186455585,14
ISG20,0.7950747581354441,0.20492524186455585,14
ZFAS1,0.7968337730870713,0.20316622691292874,15
SRSF7,0.7994722955145119,0.20052770448548807,16
IL2RG,0.802990325417766,0.19700967458223395,17
CD2,0.8056288478452067,0.19437115215479328,18
HSP90AB1,0.8056288478452067,0.19437115215479328,18
ANAPC16,0.8056288478452067,0.19437115215479328,18
RGS10,0.8073878627968338,0.19261213720316617,19
YWHAB,0.8126649076517151,0.18733509234828494,20
CD44,0.8161829375549692,0.18381706244503082,21
FYB,0.820580474934037,0.17941952506596304,22
TUBA1A,0.8214599824098505,0.17854001759014948,23
COX6C,0.822339489885664,0.17766051011433603,24
HNRNPK,0.8232189973614776,0.17678100263852237,25
UBXN1,0.8232189973614776,0.17678100263852237,25
VAMP2,0.8232189973614776,0.17678100263852237,25
TAGLN2,0.8258575197889182,0.1741424802110818,26
HNRNPA0,0.8258575197889182,0.1741424802110818,26
RNASET2,0.8258575197889182,0.1741424802110818,26
SRSF3,0.8284960422163589,0.17150395778364114,27
CD99,0.8293755496921724,0.17062445030782758,28
ARL6IP4,0.8355321020228672,0.1644678979771328,29
BTG2,0.8372911169744943,0.16270888302550568,30
PEBP1,0.8399296394019349,0.16007036059806512,31
ATP5O,0.8408091468777484,0.15919085312225156,32
CUTA,0.8425681618293756,0.15743183817062445,33
HIGD2A,0.8434476693051891,0.1565523306948109,34
UXT,0.8460861917326297,0.15391380826737033,35
NEDD8,0.8469656992084433,0.15303430079155667,36
SLC25A5,0.8478452066842568,0.15215479331574322,37
EIF3E,0.8504837291116975,0.14951627088830255,38
FOSB,0.851363236587511,0.148636763412489,39
MZT2B,0.8522427440633246,0.14775725593667544,40
UBE2D2,0.8540017590149516,0.14599824098504843,41
CCND3,0.8601583113456465,0.13984168865435354,42
PLP2,0.86103781882146,0.13896218117853998,43
ST13,0.86103781882146,0.13896218117853998,43
C19orf53,0.8619173262972735,0.13808267370272653,44
PPP1R15A,0.8627968337730871,0.13720316622691286,45
NFKBIA,0.8636763412489006,0.13632365875109942,46
PCBP1,0.8645558487247141,0.13544415127528586,47
PTPRC,0.8663148636763413,0.13368513632365875,48
SAP18,0.8663148636763413,0.13368513632365875,48
ISG15,0.8698328935795954,0.13016710642040463,49
VAMP8,0.8698328935795954,0.13016710642040463,49
GIMAP5,0.8698328935795954,0.13016710642040463,49
COX5B,0.872471416007036,0.12752858399296396,50
PKM,0.872471416007036,0.12752858399296396,50
PRR13,0.8733509234828496,0.1266490765171504,51
PTGES3,0.8733509234828496,0.1266490765171504,51
ISCU,0.8733509234828496,0.1266490765171504,51
DNAJB1,0.8733509234828496,0.1266490765171504,51
ATP5A1,0.8751099384344767,0.12489006156552329,52
PIK3IP1,0.8759894459102903,0.12401055408970973,53
SLC2A3,0.8768689533861038,0.12313104661389618,54
C12orf57,0.8786279683377308,0.12137203166226918,55
MCL1,0.8795074758135444,0.12049252418645562,56
PLAC8,0.8795074758135444,0.12049252418645562,56
ICAM3,0.8803869832893579,0.11961301671064206,57
EIF3D,0.8803869832893579,0.11961301671064206,57
RPL39,0.882145998240985,0.11785400175901495,58
CD27,0.882145998240985,0.11785400175901495,58
COX7A2L,0.8830255057167986,0.11697449428320139,59
CYTIP,0.8830255057167986,0.11697449428320139,59
RGCC,0.8830255057167986,0.11697449428320139,59
TPI1,0.8874230430958663,0.11257695690413372,60
U2AF1,0.8874230430958663,0.11257695690413372,60
PRDX2,0.8891820580474934,0.1108179419525066,61
SPCS1,0.890061565523307,0.10993843447669305,62
NDFIP1,0.890061565523307,0.10993843447669305,62
COX7A2,0.890061565523307,0.10993843447669305,62
C11orf31,0.890061565523307,0.10993843447669305,62
CCR7,0.890061565523307,0.10993843447669305,62
LGALS1,0.890061565523307,0.10993843447669305,62
GYPC,0.8909410729991205,0.10905892700087949,63
PSMB1,0.8909410729991205,0.10905892700087949,63
PPA1,0.8909410729991205,0.10905892700087949,63
CCDC109B,0.8918205804749341,0.10817941952506593,64
PSMB8,0.8918205804749341,0.10817941952506593,64
SRSF2,0.8918205804749341,0.10817941952506593,64
ACTR3,0.8927000879507476,0.10729991204925238,65
LEPROTL1,0.8927000879507476,0.10729991204925238,65
PNISR,0.8935795954265611,0.10642040457343893,66
HNRNPC,0.8935795954265611,0.10642040457343893,66
ARF1,0.8944591029023746,0.10554089709762537,67
ACAP1,0.8944591029023746,0.10554089709762537,67
ID2,0.8953386103781882,0.10466138962181182,68
STK17A,0.8953386103781882,0.10466138962181182,68
TCEB2,0.8962181178540017,0.10378188214599826,69
TRAPPC1,0.8962181178540017,0.10378188214599826,69
RHOH,0.8970976253298153,0.1029023746701847,70
HNRNPF,0.8988566402814424,0.10114335971855759,71
ATP5H,0.8988566402814424,0.10114335971855759,71
ARHGAP15,0.899736147757256,0.10026385224274403,72
GIMAP1,0.9006156552330695,0.09938434476693048,73
TSPO,0.9006156552330695,0.09938434476693048,73
TCF7,0.9023746701846965,0.09762532981530347,74
AQP3,0.9023746701846965,0.09762532981530347,74
TRMT112,0.9023746701846965,0.09762532981530347,74
DAD1,0.9023746701846965,0.09762532981530347,74
NDUFA13,0.9041336851363236,0.09586631486367636,75
CD8B,0.9067722075637643,0.09322779243623569,76
ATP5G3,0.9076517150395779,0.09234828496042213,77
RSL1D1,0.9085312225153914,0.09146877748460858,78
COPE,0.9085312225153914,0.09146877748460858,78
YPEL5,0.9094107299912049,0.09058927000879513,79
CALM3,0.9094107299912049,0.09058927000879513,79
IFI6,0.9102902374670184,0.08970976253298157,80
SRP9,0.9102902374670184,0.08970976253298157,80
NDUFB8.1,0.9102902374670184,0.08970976253298157,80
SEPT9,0.911169744942832,0.08883025505716802,81
C11orf58,0.9120492524186455,0.08795074758135446,82
SON,0.9120492524186455,0.08795074758135446,82
TNFAIP8,0.9129287598944591,0.0870712401055409,83
CITED2,0.9129287598944591,0.0870712401055409,83
SF3B5,0.9129287598944591,0.0870712401055409,83
SEPT7,0.9129287598944591,0.0870712401055409,83
BIN2,0.9129287598944591,0.0870712401055409,83
ATP5B,0.9129287598944591,0.0870712401055409,83
DUSP2,0.9146877748460862,0.08531222515391379,84
CD3G,0.9146877748460862,0.08531222515391379,84
LAT,0.9146877748460862,0.08531222515391379,84
SERBP1,0.9155672823218998,0.08443271767810023,85
ITGB2,0.9155672823218998,0.08443271767810023,85
TMEM59,0.9164467897977133,0.08355321020228668,86
LEF1,0.9164467897977133,0.08355321020228668,86
SUB1,0.9164467897977133,0.08355321020228668,86
BST2,0.9164467897977133,0.08355321020228668,86
XBP1,0.9164467897977133,0.08355321020228668,86
SF1,0.9182058047493403,0.08179419525065967,87
UFC1,0.9190853122251539,0.08091468777484612,88
CD164,0.9190853122251539,0.08091468777484612,88
SH3BGRL,0.9190853122251539,0.08091468777484612,88
SPOCK2,0.9190853122251539,0.08091468777484612,88
TBC1D10C,0.9190853122251539,0.08091468777484612,88
PRKCQ-AS1,0.9199648197009674,0.08003518029903256,89
LCP1,0.9199648197009674,0.08003518029903256,89
RBM39,0.9199648197009674,0.08003518029903256,89
BIN1,0.920844327176781,0.079155672823219,90
RBMX,0.9217238346525946,0.07827616534740545,91
EIF3M,0.9217238346525946,0.07827616534740545,91
SOCS3,0.9226033421284081,0.07739665787159189,92
MZT2A,0.9234828496042217,0.07651715039577833,93
TRAT1,0.9243623570800352,0.07563764291996478,94
CCDC85B,0.9243623570800352,0.07563764291996478,94
FUS,0.9243623570800352,0.07563764291996478,94
GABARAPL2,0.9243623570800352,0.07563764291996478,94
NDUFA11,0.9243623570800352,0.07563764291996478,94
PPP1R2,0.9252418645558487,0.07475813544415133,95
RAP1B,0.9252418645558487,0.07475813544415133,95
ANKRD12,0.9252418645558487,0.07475813544415133,95
SSU72,0.9261213720316622,0.07387862796833777,96
CSDE1,0.9261213720316622,0.07387862796833777,96
CD247,0.9261213720316622,0.07387862796833777,96
C9orf16,0.9261213720316622,0.07387862796833777,96
PPP2R5C,0.9261213720316622,0.07387862796833777,96
CCL5,0.9261213720316622,0.07387862796833777,96
FKBP1A,0.9261213720316622,0.07387862796833777,96
OCIAD2,0.9270008795074758,0.07299912049252422,97
C9orf78,0.9270008795074758,0.07299912049252422,97
EIF4G2,0.9278803869832893,0.07211961301671066,98
PSMB10,0.9278803869832893,0.07211961301671066,98
CDC42,0.9287598944591029,0.0712401055408971,99
TIMP1,0.9287598944591029,0.0712401055408971,99
CTSW,0.9287598944591029,0.0712401055408971,99
GABARAP,0.9287598944591029,0.0712401055408971,99
MAL,0.93051890941073,0.06948109058926999,100
HNRNPA3,0.93051890941073,0.06948109058926999,100
DAZAP2,0.93051890941073,0.06948109058926999,100
ERH,0.93051890941073,0.06948109058926999,100
SEPT1,0.9313984168865436,0.06860158311345643,101
SYF2,0.9322779243623571,0.06772207563764288,102
ATP5F1,0.9322779243623571,0.06772207563764288,102
TUBA4A,0.9322779243623571,0.06772207563764288,102
HMGB2,0.9322779243623571,0.06772207563764288,102
PRELID1,0.9322779243623571,0.06772207563764288,102
C1orf162,0.9331574318381706,0.06684256816182943,103
DDIT4,0.9331574318381706,0.06684256816182943,103
GHITM,0.9331574318381706,0.06684256816182943,103
HCLS1,0.9340369393139841,0.06596306068601587,104
PSAP,0.9340369393139841,0.06596306068601587,104
ANXA2,0.9340369393139841,0.06596306068601587,104
HNRNPM,0.9349164467897977,0.06508355321020232,105
FLT3LG,0.9349164467897977,0.06508355321020232,105
KRTCAP2,0.9357959542656112,0.06420404573438876,106
GLRX,0.9357959542656112,0.06420404573438876,106
LITAF,0.9357959542656112,0.06420404573438876,106
HLA-F,0.9366754617414248,0.0633245382585752,107
MYC,0.9366754617414248,0.0633245382585752,107
PDIA3,0.9366754617414248,0.0633245382585752,107
IFI44L,0.9375549692172384,0.062445030782761646,108
SNHG8,0.9375549692172384,0.062445030782761646,108
DDX24,0.9375549692172384,0.062445030782761646,108
EVI2B,0.9375549692172384,0.062445030782761646,108
PCNP,0.9384344766930519,0.06156552330694809,109
CYCS,0.9384344766930519,0.06156552330694809,109
ALOX5AP,0.9384344766930519,0.06156552330694809,109
C14orf166,0.9384344766930519,0.06156552330694809,109
PSMC5,0.9384344766930519,0.06156552330694809,109
SUN2,0.9384344766930519,0.06156552330694809,109
PRDX1,0.9393139841688655,0.06068601583113453,110
RAP1A,0.9393139841688655,0.06068601583113453,110
TSTD1,0.940193491644679,0.059806508355320975,111
TOMM20,0.940193491644679,0.059806508355320975,111
EIF4B,0.940193491644679,0.059806508355320975,111
CHMP4A,0.940193491644679,0.059806508355320975,111
UQCR10,0.940193491644679,0.059806508355320975,111
YWHAQ,0.9410729991204925,0.05892700087950753,112
ABRACL,0.9410729991204925,0.05892700087950753,112
XRCC6,0.9410729991204925,0.05892700087950753,112
RWDD1,0.941952506596306,0.05804749340369397,113
FIS1,0.941952506596306,0.05804749340369397,113
IGBP1,0.941952506596306,0.05804749340369397,113
EEF1G,0.941952506596306,0.05804749340369397,113
MT2A,0.941952506596306,0.05804749340369397,113
CSTB,0.941952506596306,0.05804749340369397,113
CCNL1,0.9428320140721196,0.057167985927880416,114
RHOG,0.9428320140721196,0.057167985927880416,114
DHRS7,0.9428320140721196,0.057167985927880416,114
RABAC1,0.9428320140721196,0.057167985927880416,114
TBCA,0.9437115215479331,0.05628847845206686,115
ANXA6,0.9437115215479331,0.05628847845206686,115
IDS,0.9437115215479331,0.05628847845206686,115
NDUFV2,0.9437115215479331,0.05628847845206686,115
TRA2B,0.9445910290237467,0.0554089709762533,116
IRF1,0.9445910290237467,0.0554089709762533,116
PAIP2,0.9445910290237467,0.0554089709762533,116
SERPINB1,0.9445910290237467,0.0554089709762533,116
RAC1,0.9445910290237467,0.0554089709762533,116
C10orf54,0.9445910290237467,0.0554089709762533,116
ICAM2,0.9445910290237467,0.0554089709762533,116
SNX3,0.9454705364995603,0.054529463500439745,117
ARHGDIA,0.9454705364995603,0.054529463500439745,117
DYNLRB1,0.9454705364995603,0.054529463500439745,117
VDAC2,0.9463500439753738,0.05364995602462619,118
POLR1D,0.9463500439753738,0.05364995602462619,118
EIF3I,0.9472295514511874,0.05277044854881263,119
ATP6V1F,0.9472295514511874,0.05277044854881263,119
NDUFA1,0.9472295514511874,0.05277044854881263,119
EIF2S2,0.9472295514511874,0.05277044854881263,119
PYURF,0.9481090589270009,0.051890941072999075,120
ATP5J2,0.9481090589270009,0.051890941072999075,120
ANXA11,0.9481090589270009,0.051890941072999075,120
COX8A,0.9481090589270009,0.051890941072999075,120
DYNLL1,0.9481090589270009,0.051890941072999075,120
MRPS21,0.9489885664028144,0.05101143359718563,121
LRRFIP1,0.9489885664028144,0.05101143359718563,121
DUT,0.9489885664028144,0.05101143359718563,121
MINOS1,0.9498680738786279,0.05013192612137207,122
AIF1,0.9498680738786279,0.05013192612137207,122
SNHG7,0.9498680738786279,0.05013192612137207,122
TMEM230,0.9498680738786279,0.05013192612137207,122
KHDRBS1,0.9507475813544415,0.049252418645558516,123
NR4A2,0.9507475813544415,0.049252418645558516,123
TMEM258,0.9507475813544415,0.049252418645558516,123
POLD4,0.9507475813544415,0.049252418645558516,123
TRADD,0.9507475813544415,0.049252418645558516,123
ERGIC3,0.9507475813544415,0.049252418645558516,123
S1PR4,0.9507475813544415,0.049252418645558516,123
PIM1,0.951627088830255,0.04837291116974496,124
C19orf60,0.951627088830255,0.04837291116974496,124
GDI2,0.9525065963060686,0.0474934036939314,125
RASGRP2,0.9525065963060686,0.0474934036939314,125
CORO1B,0.9533861037818822,0.046613896218117845,126
GSTP1,0.9533861037818822,0.046613896218117845,126
ARF6,0.9533861037818822,0.046613896218117845,126
NCOR1,0.9533861037818822,0.046613896218117845,126
CALR,0.9533861037818822,0.046613896218117845,126
ARHGEF1,0.9533861037818822,0.046613896218117845,126
SEPW1,0.9533861037818822,0.046613896218117845,126
FAIM3,0.9542656112576957,0.04573438874230429,127
HSPE1,0.9542656112576957,0.04573438874230429,127
MBNL1,0.9542656112576957,0.04573438874230429,127
TAGAP,0.9542656112576957,0.04573438874230429,127
SSBP1,0.9542656112576957,0.04573438874230429,127
UBE2L6,0.9542656112576957,0.04573438874230429,127
VAPA,0.9542656112576957,0.04573438874230429,127
DDX18,0.9551451187335093,0.04485488126649073,128
NDUFB4,0.9551451187335093,0.04485488126649073,128
CDC42SE2,0.9551451187335093,0.04485488126649073,128
DNAJA1,0.9551451187335093,0.04485488126649073,128
ATP5C1,0.9551451187335093,0.04485488126649073,128
SPCS2,0.9551451187335093,0.04485488126649073,128
NDUFB10,0.9551451187335093,0.04485488126649073,128
FKBP8,0.9551451187335093,0.04485488126649073,128
RANBP1,0.9551451187335093,0.04485488126649073,128
DGUOK,0.9560246262093228,0.043975373790677175,129
SP110,0.9560246262093228,0.043975373790677175,129
ALKBH7,0.9560246262093228,0.043975373790677175,129
MRPL20,0.9569041336851363,0.04309586631486373,130
NSA2,0.9569041336851363,0.04309586631486373,130
UQCRQ,0.9569041336851363,0.04309586631486373,130
PSMB3,0.9569041336851363,0.04309586631486373,130
SRSF11,0.9577836411609498,0.04221635883905017,131
ATRAID,0.9577836411609498,0.04221635883905017,131
SP100,0.9577836411609498,0.04221635883905017,131
GPX1,0.9577836411609498,0.04221635883905017,131
NHP2,0.9577836411609498,0.04221635883905017,131
MDH2,0.9577836411609498,0.04221635883905017,131
EIF2S3,0.9577836411609498,0.04221635883905017,131
PIM2,0.9577836411609498,0.04221635883905017,131
PSIP1,0.9577836411609498,0.04221635883905017,131
CHMP1B,0.9577836411609498,0.04221635883905017,131
LSM4,0.9577836411609498,0.04221635883905017,131
PRMT2,0.9577836411609498,0.04221635883905017,131
CCT3,0.9586631486367634,0.041336851363236615,132
PRDX6,0.9586631486367634,0.041336851363236615,132
HNRNPU,0.9586631486367634,0.041336851363236615,132
SSB,0.9586631486367634,0.041336851363236615,132
ARL4C,0.9586631486367634,0.041336851363236615,132
IK,0.9586631486367634,0.041336851363236615,132
CELF2,0.9586631486367634,0.041336851363236615,132
ADD3,0.9586631486367634,0.041336851363236615,132
PA2G4,0.9586631486367634,0.041336851363236615,132
ILF3-AS1,0.9586631486367634,0.041336851363236615,132
SEP15,0.9595426561125769,0.04045734388742306,133
SUMO1,0.9595426561125769,0.04045734388742306,133
HSD17B11,0.9595426561125769,0.04045734388742306,133
CAMLG,0.9595426561125769,0.04045734388742306,133
CSNK2B,0.9595426561125769,0.04045734388742306,133
SBDS,0.9595426561125769,0.04045734388742306,133
CASP4,0.9595426561125769,0.04045734388742306,133
ATP5EP2,0.9595426561125769,0.04045734388742306,133
PSMD8,0.9595426561125769,0.04045734388742306,133
ATF4,0.9595426561125769,0.04045734388742306,133
ENSA,0.9604221635883905,0.0395778364116095,134
H3F3A,0.9604221635883905,0.0395778364116095,134
WDR1,0.9604221635883905,0.0395778364116095,134
DEK,0.9604221635883905,0.0395778364116095,134
ATP6AP2,0.9604221635883905,0.0395778364116095,134
SEPT6,0.9604221635883905,0.0395778364116095,134
MRPL23,0.9604221635883905,0.0395778364116095,134
UQCRC2,0.9604221635883905,0.0395778364116095,134
ECH1,0.9604221635883905,0.0395778364116095,134
LIMS1,0.961301671064204,0.038698328935795945,135
FOXP1,0.961301671064204,0.038698328935795945,135
GIMAP2,0.961301671064204,0.038698328935795945,135
ITM2A,0.961301671064204,0.038698328935795945,135
BCAP31,0.961301671064204,0.038698328935795945,135
ZNF706,0.961301671064204,0.038698328935795945,135
SIGIRR,0.961301671064204,0.038698328935795945,135
GPR183,0.961301671064204,0.038698328935795945,135
APEX1,0.961301671064204,0.038698328935795945,135
RNPS1,0.961301671064204,0.038698328935795945,135
TERF2IP,0.961301671064204,0.038698328935795945,135
ATP5J,0.961301671064204,0.038698328935795945,135
PSMA5,0.9621811785400176,0.03781882145998239,136
MATR3,0.9621811785400176,0.03781882145998239,136
H2AFV,0.9621811785400176,0.03781882145998239,136
TMEM219,0.9621811785400176,0.03781882145998239,136
GADD45B,0.9621811785400176,0.03781882145998239,136
TMEM50A,0.9630606860158312,0.03693931398416883,137
PSMD4,0.9630606860158312,0.03693931398416883,137
NCL,0.9630606860158312,0.03693931398416883,137
FHIT,0.9630606860158312,0.03693931398416883,137
RAB7A,0.9630606860158312,0.03693931398416883,137
SEC62,0.9630606860158312,0.03693931398416883,137
TMEM14B,0.9630606860158312,0.03693931398416883,137
KMT2E,0.9630606860158312,0.03693931398416883,137
SUSD3,0.9630606860158312,0.03693931398416883,137
BUB3,0.9630606860158312,0.03693931398416883,137
HSP90B1,0.9630606860158312,0.03693931398416883,137
TMED2,0.9630606860158312,0.03693931398416883,137
RPS27L,0.9630606860158312,0.03693931398416883,137
HMHA1,0.9630606860158312,0.03693931398416883,137
GADD45GIP1,0.9630606860158312,0.03693931398416883,137
RGS1,0.9639401934916447,0.036059806508355274,138
MRFAP1,0.9639401934916447,0.036059806508355274,138
MYLIP,0.9639401934916447,0.036059806508355274,138
BTN3A2,0.9639401934916447,0.036059806508355274,138
PPP1R18,0.9639401934916447,0.036059806508355274,138
CD40LG,0.9639401934916447,0.036059806508355274,138
FAM49B,0.9639401934916447,0.036059806508355274,138
SIT1,0.9639401934916447,0.036059806508355274,138
RNH1,0.9639401934916447,0.036059806508355274,138
AHNAK,0.9639401934916447,0.036059806508355274,138
MPHOSPH8,0.9639401934916447,0.036059806508355274,138
NPC2,0.9639401934916447,0.036059806508355274,138
NSMCE1,0.9639401934916447,0.036059806508355274,138
KARS,0.9639401934916447,0.036059806508355274,138
LDLRAP1,0.9648197009674582,0.03518029903254183,139
ATP5I,0.9648197009674582,0.03518029903254183,139
AMICA1,0.9648197009674582,0.03518029903254183,139
M6PR,0.9648197009674582,0.03518029903254183,139
KRT10,0.9648197009674582,0.03518029903254183,139
TECR,0.9648197009674582,0.03518029903254183,139
TBCB,0.9648197009674582,0.03518029903254183,139
DBI,0.9656992084432717,0.03430079155672827,140
CRBN,0.9656992084432717,0.03430079155672827,140
TAF7,0.9656992084432717,0.03430079155672827,140
TNFAIP3,0.9656992084432717,0.03430079155672827,140
TALDO1,0.9656992084432717,0.03430079155672827,140
NDUFS8,0.9656992084432717,0.03430079155672827,140
IL10RA,0.9656992084432717,0.03430079155672827,140
NDNL2,0.9656992084432717,0.03430079155672827,140
STAT3,0.9656992084432717,0.03430079155672827,140
GZMM,0.9656992084432717,0.03430079155672827,140
MEAF6,0.9665787159190853,0.033421284080914715,141
ATP1A1,0.9665787159190853,0.033421284080914715,141
PBXIP1,0.9665787159190853,0.033421284080914715,141
CAPN2,0.9665787159190853,0.033421284080914715,141
PPIG,0.9665787159190853,0.033421284080914715,141
CD47,0.9665787159190853,0.033421284080914715,141
ANXA5,0.9665787159190853,0.033421284080914715,141
PDCD6,0.9665787159190853,0.033421284080914715,141
TAP1,0.9665787159190853,0.033421284080914715,141
GSTO1,0.9665787159190853,0.033421284080914715,141
BIRC3,0.9665787159190853,0.033421284080914715,141
CD63,0.9665787159190853,0.033421284080914715,141
SRSF9,0.9665787159190853,0.033421284080914715,141
SEC11A,0.9665787159190853,0.033421284080914715,141
CDC37,0.9665787159190853,0.033421284080914715,141
DNAJC8,0.9674582233948988,0.03254177660510116,142
NUCKS1,0.9674582233948988,0.03254177660510116,142
H2AFY,0.9674582233948988,0.03254177660510116,142
HLA-DPA1,0.9674582233948988,0.03254177660510116,142
TBCC,0.9674582233948988,0.03254177660510116,142
ARF5,0.9674582233948988,0.03254177660510116,142
TCEA1,0.9674582233948988,0.03254177660510116,142
ZFP36L1,0.9674582233948988,0.03254177660510116,142
SIVA1,0.9674582233948988,0.03254177660510116,142
TCF25,0.9674582233948988,0.03254177660510116,142
P4HB,0.9674582233948988,0.03254177660510116,142
LSM7,0.9674582233948988,0.03254177660510116,142
TRAPPC6A,0.9674582233948988,0.03254177660510116,142
CCT8,0.9674582233948988,0.03254177660510116,142
CD8A,0.9683377308707124,0.0316622691292876,143
XRCC5,0.9683377308707124,0.0316622691292876,143
SELT,0.9683377308707124,0.0316622691292876,143
ANXA2R,0.9683377308707124,0.0316622691292876,143
TMED9,0.9683377308707124,0.0316622691292876,143
FNBP1,0.9683377308707124,0.0316622691292876,143
BLOC1S1,0.9683377308707124,0.0316622691292876,143
PPP1CC,0.9683377308707124,0.0316622691292876,143
PSMB6,0.9683377308707124,0.0316622691292876,143
TTC39C,0.9683377308707124,0.0316622691292876,143
STK4,0.9683377308707124,0.0316622691292876,143
WDR83OS,0.9683377308707124,0.0316622691292876,143
TNFRSF14,0.969217238346526,0.030782761653474044,144
SCP2,0.969217238346526,0.030782761653474044,144
JAK1,0.969217238346526,0.030782761653474044,144
HAX1,0.969217238346526,0.030782761653474044,144
LBH,0.969217238346526,0.030782761653474044,144
CCT4,0.969217238346526,0.030782761653474044,144
WIPF1,0.969217238346526,0.030782761653474044,144
HOPX,0.969217238346526,0.030782761653474044,144
CCNG1,0.969217238346526,0.030782761653474044,144
TMEM243,0.969217238346526,0.030782761653474044,144
DOK2,0.969217238346526,0.030782761653474044,144
TRAM1,0.969217238346526,0.030782761653474044,144
C9orf142,0.969217238346526,0.030782761653474044,144
LAMTOR1,0.969217238346526,0.030782761653474044,144
PTPN6,0.969217238346526,0.030782761653474044,144
MRP63,0.969217238346526,0.030782761653474044,144
CHURC1,0.969217238346526,0.030782761653474044,144
PPP4C,0.969217238346526,0.030782761653474044,144
FMNL1,0.969217238346526,0.030782761653474044,144
C19orf70,0.969217238346526,0.030782761653474044,144
PDCD5,0.969217238346526,0.030782761653474044,144
GBP2,0.9700967458223395,0.029903254177660488,145
TPR,0.9700967458223395,0.029903254177660488,145
HSPD1,0.9700967458223395,0.029903254177660488,145
H1FX,0.9700967458223395,0.029903254177660488,145
NDUFA2,0.9700967458223395,0.029903254177660488,145
SQSTM1,0.9700967458223395,0.029903254177660488,145
TAPSAR1,0.9700967458223395,0.029903254177660488,145
METTL9,0.9700967458223395,0.029903254177660488,145
ANAPC11,0.9700967458223395,0.029903254177660488,145
MYADM,0.9700967458223395,0.029903254177660488,145
MT-ND3,0.9700967458223395,0.029903254177660488,145
CACYBP,0.9709762532981531,0.02902374670184693,146
VAMP5,0.9709762532981531,0.02902374670184693,146
EPB41L4A-AS1,0.9709762532981531,0.02902374670184693,146
GRK6,0.9709762532981531,0.02902374670184693,146
HLA-DRB1,0.9709762532981531,0.02902374670184693,146
PCMT1,0.9709762532981531,0.02902374670184693,146
MSN,0.9709762532981531,0.02902374670184693,146
TXN,0.9709762532981531,0.02902374670184693,146
HSPA5,0.9709762532981531,0.02902374670184693,146
OXA1L,0.9709762532981531,0.02902374670184693,146
TUFM,0.9709762532981531,0.02902374670184693,146
LINC00493,0.9709762532981531,0.02902374670184693,146
NDUFS7,0.9709762532981531,0.02902374670184693,146
CHMP2A,0.9709762532981531,0.02902374670184693,146
TNFRSF4,0.9718557607739666,0.028144239226033374,147
LAMTOR5,0.9718557607739666,0.028144239226033374,147
DENND2D,0.9718557607739666,0.028144239226033374,147
MDH1,0.9718557607739666,0.028144239226033374,147
AAK1,0.9718557607739666,0.028144239226033374,147
CCT7,0.9718557607739666,0.028144239226033374,147
STAT1,0.9718557607739666,0.028144239226033374,147
ARPC4,0.9718557607739666,0.028144239226033374,147
NDUFAF3,0.9718557607739666,0.028144239226033374,147
TNFSF10,0.9718557607739666,0.028144239226033374,147
NDUFB5,0.9718557607739666,0.028144239226033374,147
ANXA7,0.9718557607739666,0.028144239226033374,147
PDCD4,0.9718557607739666,0.028144239226033374,147
POLR2G,0.9718557607739666,0.028144239226033374,147
CLNS1A,0.9718557607739666,0.028144239226033374,147
CARD16,0.9718557607739666,0.028144239226033374,147
RP11-796E2.4,0.9718557607739666,0.028144239226033374,147
NOP10,0.9718557607739666,0.028144239226033374,147
IMP3,0.9718557607739666,0.028144239226033374,147
STUB1,0.9718557607739666,0.028144239226033374,147
HMOX2,0.9718557607739666,0.028144239226033374,147
NUTF2,0.9718557607739666,0.028144239226033374,147
PGLS,0.9718557607739666,0.028144239226033374,147
ZNF331,0.9718557607739666,0.028144239226033374,147
CHCHD10,0.9718557607739666,0.028144239226033374,147
RCAN3,0.9727352682497801,0.027264731750219928,148
MED10,0.9727352682497801,0.027264731750219928,148
LST1,0.9727352682497801,0.027264731750219928,148
MYO1G,0.9727352682497801,0.027264731750219928,148
ZNHIT1,0.9727352682497801,0.027264731750219928,148
PSMA1,0.9727352682497801,0.027264731750219928,148
NDUFA12,0.9727352682497801,0.027264731750219928,148
BAZ1A,0.9727352682497801,0.027264731750219928,148
CEBPB,0.9727352682497801,0.027264731750219928,148
RGL4,0.9727352682497801,0.027264731750219928,148
NUDC,0.9736147757255936,0.02638522427440637,149
GNG5,0.9736147757255936,0.02638522427440637,149
CDC42SE1,0.9736147757255936,0.02638522427440637,149
UGP2,0.9736147757255936,0.02638522427440637,149
RNF7,0.9736147757255936,0.02638522427440637,149
LYAR,0.9736147757255936,0.02638522427440637,149
HSPB1,0.9736147757255936,0.02638522427440637,149
CLTA,0.9736147757255936,0.02638522427440637,149
YME1L1,0.9736147757255936,0.02638522427440637,149
NAP1L4,0.9736147757255936,0.02638522427440637,149
LINC00936,0.9736147757255936,0.02638522427440637,149
SPAG7,0.9736147757255936,0.02638522427440637,149
VASP,0.9736147757255936,0.02638522427440637,149
MFNG,0.9736147757255936,0.02638522427440637,149
SYTL1,0.9744942832014072,0.025505716798592815,150
SH3YL1,0.9744942832014072,0.025505716798592815,150
CMTM7,0.9744942832014072,0.025505716798592815,150
EIF1B,0.9744942832014072,0.025505716798592815,150
SHISA5,0.9744942832014072,0.025505716798592815,150
IMPDH2,0.9744942832014072,0.025505716798592815,150
CISH,0.9744942832014072,0.025505716798592815,150
LMAN2,0.9744942832014072,0.025505716798592815,150
SF3B2,0.9744942832014072,0.025505716798592815,150
CKLF,0.9744942832014072,0.025505716798592815,150
DSTN,0.9744942832014072,0.025505716798592815,150
UQCRFS1,0.9744942832014072,0.025505716798592815,150
BAX,0.9744942832014072,0.025505716798592815,150
PTP4A2,0.9753737906772207,0.024626209322779258,151
DAP3,0.9753737906772207,0.024626209322779258,151
RASSF5,0.9753737906772207,0.024626209322779258,151
CD55,0.9753737906772207,0.024626209322779258,151
ZC3H15,0.9753737906772207,0.024626209322779258,151
CMTM6,0.9753737906772207,0.024626209322779258,151
G3BP2,0.9753737906772207,0.024626209322779258,151
EZR,0.9753737906772207,0.024626209322779258,151
PDCD2,0.9753737906772207,0.024626209322779258,151
DNAJB9,0.9753737906772207,0.024626209322779258,151
NONO,0.9753737906772207,0.024626209322779258,151
CCDC107,0.9753737906772207,0.024626209322779258,151
KIF5B,0.9753737906772207,0.024626209322779258,151
TAF1D,0.9753737906772207,0.024626209322779258,151
VPS29,0.9753737906772207,0.024626209322779258,151
USP10,0.9753737906772207,0.024626209322779258,151
EIF5A,0.9753737906772207,0.024626209322779258,151
RPN2,0.9753737906772207,0.024626209322779258,151
RGS19,0.9753737906772207,0.024626209322779258,151
C19orf10,0.9753737906772207,0.024626209322779258,151
YWHAH,0.9753737906772207,0.024626209322779258,151
C1orf63,0.9762532981530343,0.0237467018469657,152
MGST3,0.9762532981530343,0.0237467018469657,152
PRRC2C,0.9762532981530343,0.0237467018469657,152
ARID4B,0.9762532981530343,0.0237467018469657,152
MGAT4A,0.9762532981530343,0.0237467018469657,152
STK17B,0.9762532981530343,0.0237467018469657,152
TMEM173,0.9762532981530343,0.0237467018469657,152
MKRN1,0.9762532981530343,0.0237467018469657,152
WHSC1L1,0.9762532981530343,0.0237467018469657,152
SDCBP,0.9762532981530343,0.0237467018469657,152
PTGER2,0.9762532981530343,0.0237467018469657,152
LGALS3,0.9762532981530343,0.0237467018469657,152
WSB1,0.9762532981530343,0.0237467018469657,152
TOB1,0.9762532981530343,0.0237467018469657,152
SUPT4H1,0.9762532981530343,0.0237467018469657,152
BSG,0.9762532981530343,0.0237467018469657,152
CD97,0.9762532981530343,0.0237467018469657,152
LSM14A,0.9762532981530343,0.0237467018469657,152
SDHC,0.9771328056288479,0.022867194371152144,153
SNRPE,0.9771328056288479,0.022867194371152144,153
PDIA6,0.9771328056288479,0.022867194371152144,153
TRABD2A,0.9771328056288479,0.022867194371152144,153
WTAP,0.9771328056288479,0.022867194371152144,153
SH3KBP1,0.9771328056288479,0.022867194371152144,153
RP11-51J9.5,0.9771328056288479,0.022867194371152144,153
RP11-291B21.2,0.9771328056288479,0.022867194371152144,153
FKBP11,0.9771328056288479,0.022867194371152144,153
CCDC59,0.9771328056288479,0.022867194371152144,153
ARGLU1,0.9771328056288479,0.022867194371152144,153
RBM25,0.9771328056288479,0.022867194371152144,153
IFI27,0.9771328056288479,0.022867194371152144,153
EMC4,0.9771328056288479,0.022867194371152144,153
ARRB2,0.9771328056288479,0.022867194371152144,153
RNF167,0.9771328056288479,0.022867194371152144,153
XAF1,0.9771328056288479,0.022867194371152144,153
SKAP1,0.9771328056288479,0.022867194371152144,153
ETFB,0.9771328056288479,0.022867194371152144,153
UBE2L3,0.9771328056288479,0.022867194371152144,153
SUMO3,0.9771328056288479,0.022867194371152144,153
SRRM1,0.9780123131046614,0.021987686895338587,154
RPA2,0.9780123131046614,0.021987686895338587,154
ILF2,0.9780123131046614,0.021987686895338587,154
ORMDL1,0.9780123131046614,0.021987686895338587,154
TKT,0.9780123131046614,0.021987686895338587,154
LYRM4,0.9780123131046614,0.021987686895338587,154
LSM2,0.9780123131046614,0.021987686895338587,154
FYN,0.9780123131046614,0.021987686895338587,154
COPS6,0.9780123131046614,0.021987686895338587,154
GNB2,0.9780123131046614,0.021987686895338587,154
IFRD1,0.9780123131046614,0.021987686895338587,154
VDAC3,0.9780123131046614,0.021987686895338587,154
EPC1,0.9780123131046614,0.021987686895338587,154
RIC3,0.9780123131046614,0.021987686895338587,154
SVIP,0.9780123131046614,0.021987686895338587,154
MRPL51,0.9780123131046614,0.021987686895338587,154
CRIP2,0.9780123131046614,0.021987686895338587,154
CST3,0.9780123131046614,0.021987686895338587,154
DDOST,0.978891820580475,0.02110817941952503,155
RGS2,0.978891820580475,0.02110817941952503,155
RTN4,0.978891820580475,0.02110817941952503,155
SF3B1,0.978891820580475,0.02110817941952503,155
ZMAT2,0.978891820580475,0.02110817941952503,155
TCP1,0.978891820580475,0.02110817941952503,155
PMPCB,0.978891820580475,0.02110817941952503,155
NGFRAP1,0.978891820580475,0.02110817941952503,155
DPP7,0.978891820580475,0.02110817941952503,155
ARID5B,0.978891820580475,0.02110817941952503,155
FGFR1OP2,0.978891820580475,0.02110817941952503,155
RHOF,0.978891820580475,0.02110817941952503,155
RILPL2,0.978891820580475,0.02110817941952503,155
LAMP1,0.978891820580475,0.02110817941952503,155
C16orf13,0.978891820580475,0.02110817941952503,155
HN1,0.978891820580475,0.02110817941952503,155
PRMT1,0.978891820580475,0.02110817941952503,155
MRPS6,0.978891820580475,0.02110817941952503,155
ID3,0.9797713280562885,0.020228671943711474,156
PRPF38B,0.9797713280562885,0.020228671943711474,156
ADI1,0.9797713280562885,0.020228671943711474,156
SF3B14,0.9797713280562885,0.020228671943711474,156
HADHA,0.9797713280562885,0.020228671943711474,156
OXNAD1,0.9797713280562885,0.020228671943711474,156
MRPL18,0.9797713280562885,0.020228671943711474,156
PDAP1,0.9797713280562885,0.020228671943711474,156
GSDMD,0.9797713280562885,0.020228671943711474,156
MAF1,0.9797713280562885,0.020228671943711474,156
RBM17,0.9797713280562885,0.020228671943711474,156
TRIM22,0.9797713280562885,0.020228671943711474,156
AIP,0.9797713280562885,0.020228671943711474,156
ITGB7,0.9797713280562885,0.020228671943711474,156
RSRC2,0.9797713280562885,0.020228671943711474,156
NDUFAB1,0.9797713280562885,0.020228671943711474,156
CYLD,0.9797713280562885,0.020228671943711474,156
RBL2,0.9797713280562885,0.020228671943711474,156
TRAPPC2L,0.9797713280562885,0.020228671943711474,156
PMAIP1,0.9797713280562885,0.020228671943711474,156
RTFDC1,0.9797713280562885,0.020228671943711474,156
C19orf24,0.9797713280562885,0.020228671943711474,156
EWSR1,0.9797713280562885,0.020228671943711474,156
RER1,0.980650835532102,0.019349164467898028,157
GZMK,0.980650835532102,0.019349164467898028,157
CNPY3,0.980650835532102,0.019349164467898028,157
IKZF1,0.980650835532102,0.019349164467898028,157
AP1S2,0.980650835532102,0.019349164467898028,157
GLIPR2,0.980650835532102,0.019349164467898028,157
SNRPF,0.980650835532102,0.019349164467898028,157
IRF9,0.980650835532102,0.019349164467898028,157
IFI27L2,0.980650835532102,0.019349164467898028,157
RNF166,0.980650835532102,0.019349164467898028,157
TXNL1,0.980650835532102,0.019349164467898028,157
RALY,0.980650835532102,0.019349164467898028,157
CTSA,0.980650835532102,0.019349164467898028,157
STMN3,0.980650835532102,0.019349164467898028,157
MYH9,0.980650835532102,0.019349164467898028,157
S100B,0.980650835532102,0.019349164467898028,157
HDAC1,0.9815303430079155,0.01846965699208447,158
PPT1,0.9815303430079155,0.01846965699208447,158
GBP1,0.9815303430079155,0.01846965699208447,158
ARHGAP30,0.9815303430079155,0.01846965699208447,158
AUP1,0.9815303430079155,0.01846965699208447,158
PASK,0.9815303430079155,0.01846965699208447,158
SH3BP5,0.9815303430079155,0.01846965699208447,158
COX17,0.9815303430079155,0.01846965699208447,158
SSR3,0.9815303430079155,0.01846965699208447,158
RPL22L1,0.9815303430079155,0.01846965699208447,158
OSTC,0.9815303430079155,0.01846965699208447,158
PQBP1,0.9815303430079155,0.01846965699208447,158
BEX2,0.9815303430079155,0.01846965699208447,158
PHPT1,0.9815303430079155,0.01846965699208447,158
FAM107B,0.9815303430079155,0.01846965699208447,158
CTSC,0.9815303430079155,0.01846965699208447,158
SCAF11,0.9815303430079155,0.01846965699208447,158
PPP1R12A,0.9815303430079155,0.01846965699208447,158
UBE2N,0.9815303430079155,0.01846965699208447,158
ANAPC5,0.9815303430079155,0.01846965699208447,158
RBM23,0.9815303430079155,0.01846965699208447,158
SNX6,0.9815303430079155,0.01846965699208447,158
TMED10,0.9815303430079155,0.01846965699208447,158
ANP32A,0.9815303430079155,0.01846965699208447,158
YPEL3,0.9815303430079155,0.01846965699208447,158
ZNHIT3,0.9815303430079155,0.01846965699208447,158
ZNF428,0.9815303430079155,0.01846965699208447,158
TYMP,0.9815303430079155,0.01846965699208447,158
WASF2,0.9824098504837291,0.017590149516270914,159
SARS,0.9824098504837291,0.017590149516270914,159
DEGS1,0.9824098504837291,0.017590149516270914,159
ARL5A,0.9824098504837291,0.017590149516270914,159
AC013264.2,0.9824098504837291,0.017590149516270914,159
PPA2,0.9824098504837291,0.017590149516270914,159
CCT5,0.9824098504837291,0.017590149516270914,159
NDUFA5,0.9824098504837291,0.017590149516270914,159
AKR1B1,0.9824098504837291,0.017590149516270914,159
WAS,0.9824098504837291,0.017590149516270914,159
MRPL41,0.9824098504837291,0.017590149516270914,159
MRPL11,0.9824098504837291,0.017590149516270914,159
CDKN1B,0.9824098504837291,0.017590149516270914,159
C12orf75,0.9824098504837291,0.017590149516270914,159
KTN1,0.9824098504837291,0.017590149516270914,159
C14orf2,0.9824098504837291,0.017590149516270914,159
CYTH1,0.9824098504837291,0.017590149516270914,159
LGALS3BP,0.9824098504837291,0.017590149516270914,159
IDH3B,0.9824098504837291,0.017590149516270914,159
R3HDM4,0.9824098504837291,0.017590149516270914,159
IL27RA,0.9824098504837291,0.017590149516270914,159
YTHDF2,0.9832893579595426,0.016710642040457357,160
SRSF4,0.9832893579595426,0.016710642040457357,160
MRPS15,0.9832893579595426,0.016710642040457357,160
PABPC4,0.9832893579595426,0.016710642040457357,160
IFI16,0.9832893579595426,0.016710642040457357,160
TMCO1,0.9832893579595426,0.016710642040457357,160
CAPG,0.9832893579595426,0.016710642040457357,160
ANKRD44,0.9832893579595426,0.016710642040457357,160
PRMT10,0.9832893579595426,0.016710642040457357,160
CSNK1A1,0.9832893579595426,0.016710642040457357,160
DEF6,0.9832893579595426,0.016710642040457357,160
TAX1BP1,0.9832893579595426,0.016710642040457357,160
DECR1,0.9832893579595426,0.016710642040457357,160
GATA3,0.9832893579595426,0.016710642040457357,160
ARL2,0.9832893579595426,0.016710642040457357,160
EPSTI1,0.9832893579595426,0.016710642040457357,160
DDX39A,0.9832893579595426,0.016710642040457357,160
TNFRSF25,0.9841688654353562,0.0158311345646438,161
TXNDC12,0.9841688654353562,0.0158311345646438,161
PMVK,0.9841688654353562,0.0158311345646438,161
MYEOV2,0.9841688654353562,0.0158311345646438,161
GZMA,0.9841688654353562,0.0158311345646438,161
AMD1,0.9841688654353562,0.0158311345646438,161
LSM5,0.9841688654353562,0.0158311345646438,161
RAB2A,0.9841688654353562,0.0158311345646438,161
LINC00861,0.9841688654353562,0.0158311345646438,161
PCSK7,0.9841688654353562,0.0158311345646438,161
EAPP,0.9841688654353562,0.0158311345646438,161
NDUFB1,0.9841688654353562,0.0158311345646438,161
MVP,0.9841688654353562,0.0158311345646438,161
EVI2A,0.9841688654353562,0.0158311345646438,161
TSHZ2,0.9841688654353562,0.0158311345646438,161
LINC00176,0.9841688654353562,0.0158311345646438,161
CCDC104,0.9850483729111698,0.014951627088830244,162
NDUFA10,0.9850483729111698,0.014951627088830244,162
SATB1,0.9850483729111698,0.014951627088830244,162
IDH3G,0.9850483729111698,0.014951627088830244,162
PDLIM2,0.9850483729111698,0.014951627088830244,162
PUF60,0.9850483729111698,0.014951627088830244,162
IFIT3,0.9850483729111698,0.014951627088830244,162
IRF7,0.9850483729111698,0.014951627088830244,162
FKBP2,0.9850483729111698,0.014951627088830244,162
NME4,0.9850483729111698,0.014951627088830244,162
BABAM1,0.9850483729111698,0.014951627088830244,162
GPI,0.9850483729111698,0.014951627088830244,162
PITHD1,0.9859278803869833,0.014072119613016687,163
PPCS,0.9859278803869833,0.014072119613016687,163
LMNA,0.9859278803869833,0.014072119613016687,163
SUCLG1,0.9859278803869833,0.014072119613016687,163
NOP58,0.9859278803869833,0.014072119613016687,163
FAM162A,0.9859278803869833,0.014072119613016687,163
RP11-18H21.1,0.9859278803869833,0.014072119613016687,163
PPP2CA,0.9859278803869833,0.014072119613016687,163
NR3C1,0.9859278803869833,0.014072119613016687,163
SCML4,0.9859278803869833,0.014072119613016687,163
MRPL32,0.9859278803869833,0.014072119613016687,163
FUNDC2,0.9859278803869833,0.014072119613016687,163
MRPL16,0.9859278803869833,0.014072119613016687,163
USP15,0.9859278803869833,0.014072119613016687,163
TC2N,0.9859278803869833,0.014072119613016687,163
SLFN5,0.9859278803869833,0.014072119613016687,163
ATP5G1,0.9859278803869833,0.014072119613016687,163
DDRGK1,0.9859278803869833,0.014072119613016687,163
CDC25B,0.9859278803869833,0.014072119613016687,163
PRPF6,0.9859278803869833,0.014072119613016687,163
PIH1D1,0.9859278803869833,0.014072119613016687,163
GRAP2,0.9859278803869833,0.014072119613016687,163
C1orf228,0.9868073878627969,0.01319261213720313,164
PARP1,0.9868073878627969,0.01319261213720313,164
RPIA,0.9868073878627969,0.01319261213720313,164
BCLAF1,0.9868073878627969,0.01319261213720313,164
CYC1,0.9868073878627969,0.01319261213720313,164
BEST1,0.9868073878627969,0.01319261213720313,164
COPZ1,0.9868073878627969,0.01319261213720313,164
SUGT1,0.9868073878627969,0.01319261213720313,164
MAX,0.9868073878627969,0.01319261213720313,164
LSMD1,0.9868073878627969,0.01319261213720313,164
MIR142,0.9868073878627969,0.01319261213720313,164
ROCK1,0.9868073878627969,0.01319261213720313,164
PRNP,0.9868073878627969,0.01319261213720313,164
MX2,0.9868073878627969,0.01319261213720313,164
GBP5,0.9876868953386104,0.012313104661389573,165
TIGIT,0.9876868953386104,0.012313104661389573,165
GPR171,0.9876868953386104,0.012313104661389573,165
HNRNPH1,0.9876868953386104,0.012313104661389573,165
TMEM14C,0.9876868953386104,0.012313104661389573,165
FLOT1,0.9876868953386104,0.012313104661389573,165
TMED4,0.9876868953386104,0.012313104661389573,165
HINT2,0.9876868953386104,0.012313104661389573,165
URM1,0.9876868953386104,0.012313104661389573,165
IFIT1,0.9876868953386104,0.012313104661389573,165
LPXN,0.9876868953386104,0.012313104661389573,165
RNASEH2C,0.9876868953386104,0.012313104661389573,165
TMEM134,0.9876868953386104,0.012313104661389573,165
COA4,0.9876868953386104,0.012313104661389573,165
SLC38A2,0.9876868953386104,0.012313104661389573,165
TAOK3,0.9876868953386104,0.012313104661389573,165
SLTM,0.9876868953386104,0.012313104661389573,165
GTF2A2,0.9876868953386104,0.012313104661389573,165
RAB11A,0.9876868953386104,0.012313104661389573,165
TMEM204,0.9876868953386104,0.012313104661389573,165
IFI35,0.9876868953386104,0.012313104661389573,165
COX11,0.9876868953386104,0.012313104661389573,165
GRB2,0.9876868953386104,0.012313104661389573,165
PLEKHJ1,0.9876868953386104,0.012313104661389573,165
PRKCSH,0.9876868953386104,0.012313104661389573,165
GRAMD1A,0.9876868953386104,0.012313104661389573,165
ETHE1,0.9876868953386104,0.012313104661389573,165
NASP,0.9885664028144239,0.011433597185576128,166
TSNAX,0.9885664028144239,0.011433597185576128,166
LINC00152,0.9885664028144239,0.011433597185576128,166
CHCHD5,0.9885664028144239,0.011433597185576128,166
EMB,0.9885664028144239,0.011433597185576128,166
TSTA3,0.9885664028144239,0.011433597185576128,166
MRPL43,0.9885664028144239,0.011433597185576128,166
RCE1,0.9885664028144239,0.011433597185576128,166
DNAJC15,0.9885664028144239,0.011433597185576128,166
GCHFR,0.9885664028144239,0.011433597185576128,166
ATF7IP2,0.9885664028144239,0.011433597185576128,166
TMEM256,0.9885664028144239,0.011433597185576128,166
PTBP1,0.9885664028144239,0.011433597185576128,166
CLPP,0.9885664028144239,0.011433597185576128,166
GGA1,0.9885664028144239,0.011433597185576128,166
RBBP4,0.9894459102902374,0.01055408970976257,167
AKR1A1,0.9894459102902374,0.01055408970976257,167
PYCR2,0.9894459102902374,0.01055408970976257,167
GGPS1,0.9894459102902374,0.01055408970976257,167
ARL6IP6,0.9894459102902374,0.01055408970976257,167
ABHD14A,0.9894459102902374,0.01055408970976257,167
C7orf73,0.9894459102902374,0.01055408970976257,167
COX7B,0.9894459102902374,0.01055408970976257,167
CCDC25,0.9894459102902374,0.01055408970976257,167
FUT7,0.9894459102902374,0.01055408970976257,167
GLRX3,0.9894459102902374,0.01055408970976257,167
CARS,0.9894459102902374,0.01055408970976257,167
KRT1,0.9894459102902374,0.01055408970976257,167
LTA4H,0.9894459102902374,0.01055408970976257,167
BNIP2,0.9894459102902374,0.01055408970976257,167
STX4,0.9894459102902374,0.01055408970976257,167
STX8,0.9894459102902374,0.01055408970976257,167
NARS,0.9894459102902374,0.01055408970976257,167
MKKS,0.9894459102902374,0.01055408970976257,167
USE1,0.9894459102902374,0.01055408970976257,167
THAP7,0.9894459102902374,0.01055408970976257,167
POLR2F,0.9894459102902374,0.01055408970976257,167
RNF115,0.990325417766051,0.009674582233949014,168
RP11-1399P15.1,0.990325417766051,0.009674582233949014,168
WDR33,0.990325417766051,0.009674582233949014,168
PDCD10,0.990325417766051,0.009674582233949014,168
BRD9,0.990325417766051,0.009674582233949014,168
HIST1H4C,0.990325417766051,0.009674582233949014,168
OARD1,0.990325417766051,0.009674582233949014,168
SH2D1A,0.990325417766051,0.009674582233949014,168
CHMP7,0.990325417766051,0.009674582233949014,168
FBXW5,0.990325417766051,0.009674582233949014,168
NPDC1,0.990325417766051,0.009674582233949014,168
CUTC,0.990325417766051,0.009674582233949014,168
CDK2AP2,0.990325417766051,0.009674582233949014,168
MTIF3,0.990325417766051,0.009674582233949014,168
RCBTB2,0.990325417766051,0.009674582233949014,168
VMP1,0.990325417766051,0.009674582233949014,168
LENG1,0.990325417766051,0.009674582233949014,168
C21orf33,0.990325417766051,0.009674582233949014,168
LBR,0.9912049252418645,0.008795074758135457,169
NSG1,0.9912049252418645,0.008795074758135457,169
CISD2,0.9912049252418645,0.008795074758135457,169
TRIM39,0.9912049252418645,0.008795074758135457,169
NCR3,0.9912049252418645,0.008795074758135457,169
NT5DC1,0.9912049252418645,0.008795074758135457,169
VOPP1,0.9912049252418645,0.008795074758135457,169
TSPYL2,0.9912049252418645,0.008795074758135457,169
FCN1,0.9912049252418645,0.008795074758135457,169
C10orf32,0.9912049252418645,0.008795074758135457,169
KLRB1,0.9912049252418645,0.008795074758135457,169
DCTN2,0.9912049252418645,0.008795074758135457,169
PSMA4,0.9912049252418645,0.008795074758135457,169
TM2D3,0.9912049252418645,0.008795074758135457,169
CYB5B,0.9912049252418645,0.008795074758135457,169
MIEN1,0.9912049252418645,0.008795074758135457,169
STRA13,0.9912049252418645,0.008795074758135457,169
HM13,0.9912049252418645,0.008795074758135457,169
ACO2,0.9912049252418645,0.008795074758135457,169
CAMTA1,0.9920844327176781,0.0079155672823219,170
RABGGTB,0.9920844327176781,0.0079155672823219,170
RHOC,0.9920844327176781,0.0079155672823219,170
AC092580.4,0.9920844327176781,0.0079155672823219,170
EXOSC7,0.9920844327176781,0.0079155672823219,170
HLA-DRB5,0.9920844327176781,0.0079155672823219,170
TRA2A,0.9920844327176781,0.0079155672823219,170
CNOT4,0.9920844327176781,0.0079155672823219,170
CXCR3,0.9920844327176781,0.0079155672823219,170
FRA10AC1,0.9920844327176781,0.0079155672823219,170
UROS,0.9920844327176781,0.0079155672823219,170
FAM89B,0.9920844327176781,0.0079155672823219,170
WNK1,0.9920844327176781,0.0079155672823219,170
LYRM5,0.9920844327176781,0.0079155672823219,170
UFM1,0.9920844327176781,0.0079155672823219,170
MYCBP2,0.9920844327176781,0.0079155672823219,170
TMX1,0.9920844327176781,0.0079155672823219,170
MOAP1,0.9920844327176781,0.0079155672823219,170
C16orf80,0.9920844327176781,0.0079155672823219,170
POLDIP2,0.9920844327176781,0.0079155672823219,170
PHF20,0.9920844327176781,0.0079155672823219,170
TNFRSF1B,0.9929639401934917,0.0070360598065083435,171
COX20,0.9929639401934917,0.0070360598065083435,171
CMPK2,0.9929639401934917,0.0070360598065083435,171
TPRKB,0.9929639401934917,0.0070360598065083435,171
TGFBR2,0.9929639401934917,0.0070360598065083435,171
MBD4,0.9929639401934917,0.0070360598065083435,171
FAM175A,0.9929639401934917,0.0070360598065083435,171
FBXL15,0.9929639401934917,0.0070360598065083435,171
CD59,0.9929639401934917,0.0070360598065083435,171
METTL12,0.9929639401934917,0.0070360598065083435,171
TMEM179B,0.9929639401934917,0.0070360598065083435,171
WIBG,0.9929639401934917,0.0070360598065083435,171
UBL3,0.9929639401934917,0.0070360598065083435,171
OAZ2,0.9929639401934917,0.0070360598065083435,171
CCDC101,0.9929639401934917,0.0070360598065083435,171
SNX20,0.9929639401934917,0.0070360598065083435,171
MT1F,0.9929639401934917,0.0070360598065083435,171
ZNF276,0.9929639401934917,0.0070360598065083435,171
SYNRG,0.9929639401934917,0.0070360598065083435,171
MRPL27,0.9929639401934917,0.0070360598065083435,171
SRSF1,0.9929639401934917,0.0070360598065083435,171
GID8,0.9929639401934917,0.0070360598065083435,171
MIR24-2,0.9929639401934917,0.0070360598065083435,171
TNFRSF18,0.9938434476693052,0.006156552330694787,172
TMEM183A,0.9938434476693052,0.006156552330694787,172
C1orf35,0.9938434476693052,0.006156552330694787,172
TMEM18,0.9938434476693052,0.006156552330694787,172
SP140,0.9938434476693052,0.006156552330694787,172
CMC1,0.9938434476693052,0.006156552330694787,172
MRPL47,0.9938434476693052,0.006156552330694787,172
ZNF721,0.9938434476693052,0.006156552330694787,172
DCTD,0.9938434476693052,0.006156552330694787,172
C6orf226,0.9938434476693052,0.006156552330694787,172
CHST12,0.9938434476693052,0.006156552330694787,172
ELMO1,0.9938434476693052,0.006156552330694787,172
ZNF775,0.9938434476693052,0.006156552330694787,172
HNRNPH2,0.9938434476693052,0.006156552330694787,172
MRPS28,0.9938434476693052,0.006156552330694787,172
TIMM10,0.9938434476693052,0.006156552330694787,172
WDR74,0.9938434476693052,0.006156552330694787,172
MAGOHB,0.9938434476693052,0.006156552330694787,172
OAS3,0.9938434476693052,0.006156552330694787,172
EIF3J,0.9938434476693052,0.006156552330694787,172
HDDC3,0.9938434476693052,0.006156552330694787,172
PITPNA-AS1,0.9938434476693052,0.006156552330694787,172
SDHAF1,0.9938434476693052,0.006156552330694787,172
YRDC,0.9947229551451188,0.00527704485488123,173
CHI3L2,0.9947229551451188,0.00527704485488123,173
ISG20L2,0.9947229551451188,0.00527704485488123,173
IVNS1ABP,0.9947229551451188,0.00527704485488123,173
SDCCAG8,0.9947229551451188,0.00527704485488123,173
DDX1,0.9947229551451188,0.00527704485488123,173
FAM134A,0.9947229551451188,0.00527704485488123,173
KIAA1430,0.9947229551451188,0.00527704485488123,173
CTD-2228K2.5,0.9947229551451188,0.00527704485488123,173
MCM3,0.9947229551451188,0.00527704485488123,173
CCR6,0.9947229551451188,0.00527704485488123,173
SAMD9L,0.9947229551451188,0.00527704485488123,173
PRKAG2,0.9947229551451188,0.00527704485488123,173
WDR13,0.9947229551451188,0.00527704485488123,173
RPP30,0.9947229551451188,0.00527704485488123,173
SMC3,0.9947229551451188,0.00527704485488123,173
NSMCE4A,0.9947229551451188,0.00527704485488123,173
YAF2,0.9947229551451188,0.00527704485488123,173
HDAC7,0.9947229551451188,0.00527704485488123,173
MRPL42,0.9947229551451188,0.00527704485488123,173
MRPS31,0.9947229551451188,0.00527704485488123,173
VPS36,0.9947229551451188,0.00527704485488123,173
CLK3,0.9947229551451188,0.00527704485488123,173
DERL2,0.9947229551451188,0.00527704485488123,173
NSRP1,0.9947229551451188,0.00527704485488123,173
SPOP,0.9947229551451188,0.00527704485488123,173
RALBP1,0.9947229551451188,0.00527704485488123,173
IFT52,0.9947229551451188,0.00527704485488123,173
PRKD2,0.9947229551451188,0.00527704485488123,173
PTOV1,0.9947229551451188,0.00527704485488123,173
PHACTR4,0.9956024626209323,0.004397537379067673,174
C1orf122,0.9956024626209323,0.004397537379067673,174
LEPROT,0.9956024626209323,0.004397537379067673,174
PRKACB,0.9956024626209323,0.004397537379067673,174
GBP4,0.9956024626209323,0.004397537379067673,174
TSEN15,0.9956024626209323,0.004397537379067673,174
RABIF,0.9956024626209323,0.004397537379067673,174
C3orf38,0.9956024626209323,0.004397537379067673,174
GYG1,0.9956024626209323,0.004397537379067673,174
PAK2,0.9956024626209323,0.004397537379067673,174
MRFAP1L1,0.9956024626209323,0.004397537379067673,174
HERC5,0.9956024626209323,0.004397537379067673,174
TSPAN5,0.9956024626209323,0.004397537379067673,174
EXOC3,0.9956024626209323,0.004397537379067673,174
DHX29,0.9956024626209323,0.004397537379067673,174
KIF3A,0.9956024626209323,0.004397537379067673,174
LARS,0.9956024626209323,0.004397537379067673,174
HLA-DQA1,0.9956024626209323,0.004397537379067673,174
DAXX,0.9956024626209323,0.004397537379067673,174
POLD2,0.9956024626209323,0.004397537379067673,174
ERV3-1,0.9956024626209323,0.004397537379067673,174
PRAF2,0.9956024626209323,0.004397537379067673,174
NKAP,0.9956024626209323,0.004397537379067673,174
PRF1,0.9956024626209323,0.004397537379067673,174
CAMK2G,0.9956024626209323,0.004397537379067673,174
MED19,0.9956024626209323,0.004397537379067673,174
NUDT22,0.9956024626209323,0.004397537379067673,174
PGM2L1,0.9956024626209323,0.004397537379067673,174
PIBF1,0.9956024626209323,0.004397537379067673,174
FBXO33,0.9956024626209323,0.004397537379067673,174
AP5M1,0.9956024626209323,0.004397537379067673,174
CTSH,0.9956024626209323,0.004397537379067673,174
BFAR,0.9956024626209323,0.004397537379067673,174
RP11-94L15.2,0.9956024626209323,0.004397537379067673,174
CCR10,0.9956024626209323,0.004397537379067673,174
UBTF,0.9956024626209323,0.004397537379067673,174
ENDOV,0.9956024626209323,0.004397537379067673,174
ME2,0.9956024626209323,0.004397537379067673,174
HMG20B,0.9956024626209323,0.004397537379067673,174
SH2D3A,0.9956024626209323,0.004397537379067673,174
FARSA,0.9956024626209323,0.004397537379067673,174
JAK3,0.9956024626209323,0.004397537379067673,174
FXYD7,0.9956024626209323,0.004397537379067673,174
MED29,0.9956024626209323,0.004397537379067673,174
TSEN34,0.9956024626209323,0.004397537379067673,174
PRDM2,0.9964819700967458,0.0035180299032542273,175
SIKE1,0.9964819700967458,0.0035180299032542273,175
SLC50A1,0.9964819700967458,0.0035180299032542273,175
TATDN3,0.9964819700967458,0.0035180299032542273,175
EGLN1,0.9964819700967458,0.0035180299032542273,175
MIR4435-1HG,0.9964819700967458,0.0035180299032542273,175
ANTXR2,0.9964819700967458,0.0035180299032542273,175
DNAJB14,0.9964819700967458,0.0035180299032542273,175
HSPA4,0.9964819700967458,0.0035180299032542273,175
CDC5L,0.9964819700967458,0.0035180299032542273,175
IBTK,0.9964819700967458,0.0035180299032542273,175
VTA1,0.9964819700967458,0.0035180299032542273,175
SNX9,0.9964819700967458,0.0035180299032542273,175
RBM48,0.9964819700967458,0.0035180299032542273,175
PHF19,0.9964819700967458,0.0035180299032542273,175
MAPK8,0.9964819700967458,0.0035180299032542273,175
HK1,0.9964819700967458,0.0035180299032542273,175
SFXN3,0.9964819700967458,0.0035180299032542273,175
NUP98,0.9964819700967458,0.0035180299032542273,175
ZNF259,0.9964819700967458,0.0035180299032542273,175
IFFO1,0.9964819700967458,0.0035180299032542273,175
SHMT2,0.9964819700967458,0.0035180299032542273,175
ATXN7L3B,0.9964819700967458,0.0035180299032542273,175
GFER,0.9964819700967458,0.0035180299032542273,175
SNN,0.9964819700967458,0.0035180299032542273,175
SMG1,0.9964819700967458,0.0035180299032542273,175
CPNE2,0.9964819700967458,0.0035180299032542273,175
DPEP2,0.9964819700967458,0.0035180299032542273,175
VPS4A,0.9964819700967458,0.0035180299032542273,175
COG4,0.9964819700967458,0.0035180299032542273,175
ACSF3,0.9964819700967458,0.0035180299032542273,175
TMEM107,0.9964819700967458,0.0035180299032542273,175
NME1,0.9964819700967458,0.0035180299032542273,175
RP13-270P17.3,0.9964819700967458,0.0035180299032542273,175
NFATC2,0.9964819700967458,0.0035180299032542273,175
CHERP,0.9964819700967458,0.0035180299032542273,175
ZNF567,0.9964819700967458,0.0035180299032542273,175
MIAT,0.9964819700967458,0.0035180299032542273,175
NIPSNAP1,0.9964819700967458,0.0035180299032542273,175
ZMAT5,0.9964819700967458,0.0035180299032542273,175
MIA3,0.9973614775725593,0.0026385224274406704,176
ABHD5,0.9973614775725593,0.0026385224274406704,176
USP4,0.9973614775725593,0.0026385224274406704,176
ARAP2,0.9973614775725593,0.0026385224274406704,176
IGJ,0.9973614775725593,0.0026385224274406704,176
UBE2J1,0.9973614775725593,0.0026385224274406704,176
BCAP29,0.9973614775725593,0.0026385224274406704,176
DLD,0.9973614775725593,0.0026385224274406704,176
ARMCX3,0.9973614775725593,0.0026385224274406704,176
FAM3A,0.9973614775725593,0.0026385224274406704,176
NFX1,0.9973614775725593,0.0026385224274406704,176
INIP,0.9973614775725593,0.0026385224274406704,176
TOR2A,0.9973614775725593,0.0026385224274406704,176
IFIT5,0.9973614775725593,0.0026385224274406704,176
MARCH5,0.9973614775725593,0.0026385224274406704,176
ZNF195,0.9973614775725593,0.0026385224274406704,176
CAPRIN1,0.9973614775725593,0.0026385224274406704,176
LAG3,0.9973614775725593,0.0026385224274406704,176
THAP2,0.9973614775725593,0.0026385224274406704,176
COG3,0.9973614775725593,0.0026385224274406704,176
SUCLA2,0.9973614775725593,0.0026385224274406704,176
DIS3,0.9973614775725593,0.0026385224274406704,176
DNAJC3,0.9973614775725593,0.0026385224274406704,176
RAB8B,0.9973614775725593,0.0026385224274406704,176
NTHL1,0.9973614775725593,0.0026385224274406704,176
ZZEF1,0.9973614775725593,0.0026385224274406704,176
RABEP1,0.9973614775725593,0.0026385224274406704,176
TNFSF12,0.9973614775725593,0.0026385224274406704,176
C17orf59,0.9973614775725593,0.0026385224274406704,176
TMEM199,0.9973614775725593,0.0026385224274406704,176
FTSJ3,0.9973614775725593,0.0026385224274406704,176
ARMC7,0.9973614775725593,0.0026385224274406704,176
GPS1,0.9973614775725593,0.0026385224274406704,176
INO80C,0.9973614775725593,0.0026385224274406704,176
NFATC1,0.9973614775725593,0.0026385224274406704,176
FAM110A,0.9973614775725593,0.0026385224274406704,176
ATP13A1,0.9973614775725593,0.0026385224274406704,176
PLEKHF1,0.9973614775725593,0.0026385224274406704,176
IGFLR1,0.9973614775725593,0.0026385224274406704,176
SIRT2,0.9973614775725593,0.0026385224274406704,176
FCER1A,0.9982409850483729,0.0017590149516271136,177
XCL1,0.9982409850483729,0.0017590149516271136,177
BHLHE40,0.9982409850483729,0.0017590149516271136,177
SPON2,0.9982409850483729,0.0017590149516271136,177
STX18,0.9982409850483729,0.0017590149516271136,177
MZB1,0.9982409850483729,0.0017590149516271136,177
MED7,0.9982409850483729,0.0017590149516271136,177
HRH2,0.9982409850483729,0.0017590149516271136,177
RP11-792A8.4,0.9982409850483729,0.0017590149516271136,177
ZKSCAN1,0.9982409850483729,0.0017590149516271136,177
NDRG1,0.9982409850483729,0.0017590149516271136,177
TOMM5,0.9982409850483729,0.0017590149516271136,177
OTUD1,0.9982409850483729,0.0017590149516271136,177
PPIF,0.9982409850483729,0.0017590149516271136,177
IFNG,0.9982409850483729,0.0017590149516271136,177
HVCN1,0.9982409850483729,0.0017590149516271136,177
SH2B3,0.9982409850483729,0.0017590149516271136,177
PTGDR,0.9982409850483729,0.0017590149516271136,177
LINC00926,0.9982409850483729,0.0017590149516271136,177
C19orf52,0.9982409850483729,0.0017590149516271136,177
MEF2BNB,0.9982409850483729,0.0017590149516271136,177
CAPN12,0.9982409850483729,0.0017590149516271136,177
FCRL6,0.9991204925241864,8.795074758135568e-4,178
FCGR2A,0.9991204925241864,8.795074758135568e-4,178
C1orf21,0.9991204925241864,8.795074758135568e-4,178
IGFBP7,0.9991204925241864,8.795074758135568e-4,178
CCNG2,0.9991204925241864,8.795074758135568e-4,178
MEF2C,0.9991204925241864,8.795074758135568e-4,178
ADRB2,0.9991204925241864,8.795074758135568e-4,178
CSF1R,0.9991204925241864,8.795074758135568e-4,178
PHACTR1,0.9991204925241864,8.795074758135568e-4,178
IER3,0.9991204925241864,8.795074758135568e-4,178
PILRA,0.9991204925241864,8.795074758135568e-4,178
CLN8,0.9991204925241864,8.795074758135568e-4,178
BLK,0.9991204925241864,8.795074758135568e-4,178
PNOC,0.9991204925241864,8.795074758135568e-4,178
SYK,0.9991204925241864,8.795074758135568e-4,178
GSN,0.9991204925241864,8.795074758135568e-4,178
RXRA,0.9991204925241864,8.795074758135568e-4,178
CLIC3,0.9991204925241864,8.795074758135568e-4,178
ALOX5,0.9991204925241864,8.795074758135568e-4,178
RELT,0.9991204925241864,8.795074758135568e-4,178
KLRC1,0.9991204925241864,8.795074758135568e-4,178
GNS,0.9991204925241864,8.795074758135568e-4,178
CKB,0.9991204925241864,8.795074758135568e-4,178
AL928768.3,0.9991204925241864,8.795074758135568e-4,178
RAB34,0.9991204925241864,8.795074758135568e-4,178
CD40,0.9991204925241864,8.795074758135568e-4,178
SMARCA4,0.9991204925241864,8.795074758135568e-4,178
CEBPA,0.9991204925241864,8.795074758135568e-4,178
LILRB2,0.9991204925241864,8.795074758135568e-4,178
KIR3DL2,0.9991204925241864,8.795074758135568e-4,178
H1F0,0.9991204925241864,8.795074758135568e-4,178
